Journal Title,ISSN (Print),ISSN (Online),Categories
Current environmental health reports.,,2196-5412,Environmental Health
The Lancet. Planetary health.,,2542-5196,Environmental Health
Environmental science. Processes & impacts.,2050-7887,2050-7895,Environmental Health
Geospatial health.,1827-1987,1970-7096,Environmental Health
EcoHealth.,1612-9202,1612-9210,Environmental Health
Integrated environmental assessment and management.,1551-3777,1551-3793,Environmental Health
Environmental health : a global access science source.,,1476-069X,Environmental Health
Journal of water and health.,1477-8920,1996-7829,Environmental Health
Ecology letters.,1461-023X,1461-0248,Environmental Health
Journal of vector ecology : journal of the Society for Vector Ecology.,1081-1710,1948-7134,Environmental Health
Isotopes in environmental and health studies.,1025-6016,1477-2639,Environmental Health
SAR and QSAR in environmental research.,1062-936X,1029-046X,Environmental Health
Annals of agricultural and environmental medicine : AAEM.,1232-1966,1898-2263,Environmental Health
Journal of the Air & Waste Management Association.,1096-2247,2162-2906,Environmental Health
Ecological applications : a publication of the Ecological Society of America.,1051-0761,,Environmental Health
International journal of environmental health research.,0960-3123,1369-1619,Environmental Health
Ying yong sheng tai xue bao = The journal of applied ecology,1001-9332,,Environmental Health
Biomedical and environmental sciences : BES.,0895-3988,2214-0190,Environmental Health
Journal of environmental sciences (China).,1001-0742,,Environmental Health
Environmental pollution.,0269-7491,1873-6424,Environmental Health
Trends in ecology & evolution.,0169-5347,1872-8383,Environmental Health
Conservation biology : the journal of the Society for Conservation Biology.,0888-8892,1523-1739,Environmental Health
Journal of environmental radioactivity.,0265-931X,1879-1700,Environmental Health
Research report,1041-5505,2688-6855,Environmental Health
Environmental monitoring and assessment.,0167-6369,1573-2959,Environmental Health
Huan jing ke xue= Huanjing kexue,0250-3301,,Environmental Health
Annals of the ICRP.,0146-6453,1872-969X,Environmental Health
Journal of hazardous materials.,0304-3894,1873-3336,Environmental Health
Environmental health perspectives.,0091-6765,1552-9924,Environmental Health
The Science of the total environment.,0048-9697,1879-1026,Environmental Health
Journal of environmental quality.,0047-2425,1537-2537,Environmental Health
Journal of environmental management.,0301-4797,1095-8630,Environmental Health
Reviews on environmental health.,0048-7554,2191-0308,Environmental Health
Environmental research.,0013-9351,1096-0953,Environmental Health
Environmental science & technology.,0013-936X,1520-5851,Environmental Health
Ecology.,0012-9658,1939-9170,Environmental Health
Journal of exposure science & environmental epidemiology.,1559-0631,1559-064X,Environmental Health; Epidemiology
Problemy radiat︠s︡iĭnoï medyt︠s︡yny ta radiobiolohiï.,2304-8336,2313-4607,Environmental Health; Epidemiology; Radiology
Mutagenesis.,0267-8357,1464-3804,"Environmental Health; Genetics, Medical"
Mutation research. Genetic toxicology and environmental mutagenesis.,1383-5718,1879-3592,Environmental Health; Genetics; Toxicology
Journal of trace elements in medicine and biology : organ of the Society for Minerals and Trace Elements (GMS).,0946-672X,1878-3252,Environmental Health; Metabolism
Environmental microbiology reports.,,1758-2229,Environmental Health; Microbiology
The ISME journal.,1751-7362,1751-7370,Environmental Health; Microbiology
Environmental microbiology.,1462-2912,1462-2920,Environmental Health; Microbiology
Microbiological research.,0944-5013,1618-0623,Environmental Health; Microbiology
FEMS microbiology ecology.,0168-6496,1574-6941,Environmental Health; Microbiology
Molecular ecology resources.,1755-098X,1755-0998,Environmental Health; Molecular Biology
Molecular ecology.,0962-1083,1365-294X,Environmental Health; Molecular Biology
Environmental and molecular mutagenesis.,0893-6692,1098-2280,Environmental Health; Molecular Biology
"Journal of environmental pathology, toxicology and oncology : official organ of the International Society for Environmental Toxicology and Cancer.",0731-8898,2162-6537,Environmental Health; Neoplasms; Pathology; Toxicology
Journal of radiation research.,0449-3060,1349-9157,Environmental Health; Neoplasms; Radiology
Neurotoxicology.,0161-813X,1872-9711,Environmental Health; Neurology; Toxicology
"Applied radiation and isotopes : including data, instrumentation and methods for use in agriculture, industry and medicine.",0969-8043,1872-9800,Environmental Health; Nuclear Medicine
Health physics.,0017-9078,1538-5159,Environmental Health; Nuclear Medicine
Nature food.,,2662-1355,Environmental Health; Nutritional Sciences
Biological trace element research.,0163-4984,1559-0720,Environmental Health; Nutritional Sciences
Journal of food protection.,0362-028X,1944-9097,Environmental Health; Nutritional Sciences
Food and environmental virology.,1867-0334,1867-0342,Environmental Health; Nutritional Sciences; Virology
Archives of environmental & occupational health.,1933-8244,2154-4700,Environmental Health; Occupational Medicine
Journal of occupational and environmental hygiene.,1545-9624,1545-9632,Environmental Health; Occupational Medicine
Occupational and environmental medicine.,1351-0711,1470-7926,Environmental Health; Occupational Medicine
International journal of occupational medicine and environmental health.,1232-1087,1896-494X,Environmental Health; Occupational Medicine
Journal of occupational and environmental medicine,1076-2752,1536-5948,Environmental Health; Occupational Medicine
New solutions : a journal of environmental and occupational health policy : NS.,1048-2911,1541-3772,Environmental Health; Occupational Medicine
Journal of UOEH.,0387-821X,,Environmental Health; Occupational Medicine
"Scandinavian journal of work, environment & health.",0355-3140,1795-990X,Environmental Health; Occupational Medicine
International archives of occupational and environmental health.,0340-0131,1432-1246,Environmental Health; Occupational Medicine
Industrial health.,0019-8366,1880-8026,Environmental Health; Occupational Medicine
Environmental toxicology and pharmacology.,1382-6689,1872-7077,Environmental Health; Pharmacology; Toxicology
International journal of environmental research and public health.,1661-7827,1660-4601,Environmental Health; Public Health
International journal of hygiene and environmental health.,1438-4639,1618-131X,Environmental Health; Public Health
Environmental health and preventive medicine.,1342-078X,1347-4715,Environmental Health; Public Health
Environmental technology.,0959-3330,1479-487X,Environmental Health; Technology; Toxicology
"Journal of environmental science and health. Part C, Toxicology and carcinogenesis.",2689-6583,2689-6591,Environmental Health; Toxicology
Environmental toxicology.,1520-4081,1522-7278,Environmental Health; Toxicology
"Journal of toxicology and environmental health. Part B, Critical reviews.",1093-7404,1521-6950,Environmental Health; Toxicology
Journal of toxicology and environmental health. Part A.,1528-7394,2381-3504,Environmental Health; Toxicology
Environmental science and pollution research international.,0944-1344,1614-7499,Environmental Health; Toxicology
Ecotoxicology.,0963-9292,1573-3017,Environmental Health; Toxicology
Water environment research : a research publication of the Water Environment Federation.,1061-4303,1554-7531,Environmental Health; Toxicology
Waste management.,0956-053X,1879-2456,Environmental Health; Toxicology
"Waste management & research : the journal of the International Solid Wastes and Public Cleansing Association, ISWA.",0734-242X,1096-3669,Environmental Health; Toxicology
Water science and technology : a journal of the International Association on Water Pollution Research.,0273-1223,1996-9732,Environmental Health; Toxicology
Environment international.,0160-4120,1873-6750,Environmental Health; Toxicology
"Journal of environmental science and health. Part. B, Pesticides, food contaminants, and agricultural wastes.",0360-1234,1532-4109,Environmental Health; Toxicology
Environmental management.,0364-152X,1432-1009,Environmental Health; Toxicology
Ecotoxicology and environmental safety.,0147-6513,1090-2414,Environmental Health; Toxicology
Archives of environmental contamination and toxicology.,0090-4341,1432-0703,Environmental Health; Toxicology
Ambio.,0044-7447,1654-7209,Environmental Health; Toxicology
Bulletin of environmental contamination and toxicology.,0007-4861,1432-0800,Environmental Health; Toxicology
Water research.,0043-1354,1879-2448,Environmental Health; Toxicology
Ground water.,0017-467X,1745-6584,Environmental Health; Toxicology
The Journal of animal ecology.,0021-8790,1365-2656,Environmental Health; Zoology
